run_accession	sample_accession	experiment_accession	study_accession	tax_id	scientific_name	fastq_ftp	submitted_ftp	sra_ftp	bam_ftp
ERR15463832	SAMEA119567898	ERX14867764	PRJEB89160	9031	Gallus gallus	ftp.sra.ebi.ac.uk/vol1/fastq/ERR154/032/ERR15463832/ERR15463832_1.fastq.gz;ftp.sra.ebi.ac.uk/vol1/fastq/ERR154/032/ERR15463832/ERR15463832_2.fastq.gz	ftp.sra.ebi.ac.uk/vol1/run/ERR154/ERR15463832/A01_L003_R1.fastq.gz;ftp.sra.ebi.ac.uk/vol1/run/ERR154/ERR15463832/A01_L003_R2.fastq.gz		ftp.sra.ebi.ac.uk/vol1/err/ERR154/032/ERR15463832/ERR15463832.bam
ERR15463841	SAMEA119567900	ERX14867773	PRJEB89160	9031	Gallus gallus	ftp.sra.ebi.ac.uk/vol1/fastq/ERR154/041/ERR15463841/ERR15463841_1.fastq.gz;ftp.sra.ebi.ac.uk/vol1/fastq/ERR154/041/ERR15463841/ERR15463841_2.fastq.gz	ftp.sra.ebi.ac.uk/vol1/run/ERR154/ERR15463841/A03_L004_R1.fastq.gz;ftp.sra.ebi.ac.uk/vol1/run/ERR154/ERR15463841/A03_L004_R2.fastq.gz		ftp.sra.ebi.ac.uk/vol1/err/ERR154/041/ERR15463841/ERR15463841.bam
ERR15463848	SAMEA119567903	ERX14867780	PRJEB89160	9031	Gallus gallus	ftp.sra.ebi.ac.uk/vol1/fastq/ERR154/048/ERR15463848/ERR15463848_1.fastq.gz;ftp.sra.ebi.ac.uk/vol1/fastq/ERR154/048/ERR15463848/ERR15463848_2.fastq.gz	ftp.sra.ebi.ac.uk/vol1/run/ERR154/ERR15463848/A06_L003_R1.fastq.gz;ftp.sra.ebi.ac.uk/vol1/run/ERR154/ERR15463848/A06_L003_R2.fastq.gz		ftp.sra.ebi.ac.uk/vol1/err/ERR154/048/ERR15463848/ERR15463848.bam
ERR15463850	SAMEA119567903	ERX14867782	PRJEB89160	9031	Gallus gallus		ftp.sra.ebi.ac.uk/vol1/run/ERR154/ERR15463850/A06_L004_R1.fastq.gz;ftp.sra.ebi.ac.uk/vol1/run/ERR154/ERR15463850/A06_L004_R2.fastq.gz		ftp.sra.ebi.ac.uk/vol1/err/ERR154/050/ERR15463850/ERR15463850.bam
ERR15463853	SAMEA119567904	ERX14867785	PRJEB89160	9031	Gallus gallus	ftp.sra.ebi.ac.uk/vol1/fastq/ERR154/053/ERR15463853/ERR15463853_1.fastq.gz;ftp.sra.ebi.ac.uk/vol1/fastq/ERR154/053/ERR15463853/ERR15463853_2.fastq.gz	ftp.sra.ebi.ac.uk/vol1/run/ERR154/ERR15463853/A07_L004_R1.fastq.gz;ftp.sra.ebi.ac.uk/vol1/run/ERR154/ERR15463853/A07_L004_R2.fastq.gz		ftp.sra.ebi.ac.uk/vol1/err/ERR154/053/ERR15463853/ERR15463853.bam
ERR15463857	SAMEA119567906	ERX14867789	PRJEB89160	9031	Gallus gallus	ftp.sra.ebi.ac.uk/vol1/fastq/ERR154/057/ERR15463857/ERR15463857_1.fastq.gz;ftp.sra.ebi.ac.uk/vol1/fastq/ERR154/057/ERR15463857/ERR15463857_2.fastq.gz	ftp.sra.ebi.ac.uk/vol1/run/ERR154/ERR15463857/B02_L003_R1.fastq.gz;ftp.sra.ebi.ac.uk/vol1/run/ERR154/ERR15463857/B02_L003_R2.fastq.gz		ftp.sra.ebi.ac.uk/vol1/err/ERR154/057/ERR15463857/ERR15463857.bam
ERR15463860	SAMEA119567906	ERX14867792	PRJEB89160	9031	Gallus gallus	ftp.sra.ebi.ac.uk/vol1/fastq/ERR154/060/ERR15463860/ERR15463860_1.fastq.gz;ftp.sra.ebi.ac.uk/vol1/fastq/ERR154/060/ERR15463860/ERR15463860_2.fastq.gz	ftp.sra.ebi.ac.uk/vol1/run/ERR154/ERR15463860/B02_L004_R1.fastq.gz;ftp.sra.ebi.ac.uk/vol1/run/ERR154/ERR15463860/B02_L004_R2.fastq.gz		ftp.sra.ebi.ac.uk/vol1/err/ERR154/060/ERR15463860/ERR15463860.bam
ERR15463888	SAMEA119567909	ERX14867820	PRJEB89160	9031	Gallus gallus	ftp.sra.ebi.ac.uk/vol1/fastq/ERR154/088/ERR15463888/ERR15463888_1.fastq.gz;ftp.sra.ebi.ac.uk/vol1/fastq/ERR154/088/ERR15463888/ERR15463888_2.fastq.gz	ftp.sra.ebi.ac.uk/vol1/run/ERR154/ERR15463888/B05_L004_R1.fastq.gz;ftp.sra.ebi.ac.uk/vol1/run/ERR154/ERR15463888/B05_L004_R2.fastq.gz		ftp.sra.ebi.ac.uk/vol1/err/ERR154/088/ERR15463888/ERR15463888.bam
ERR15463916	SAMEA119567912	ERX14867848	PRJEB89160	9031	Gallus gallus	ftp.sra.ebi.ac.uk/vol1/fastq/ERR154/016/ERR15463916/ERR15463916_1.fastq.gz;ftp.sra.ebi.ac.uk/vol1/fastq/ERR154/016/ERR15463916/ERR15463916_2.fastq.gz	ftp.sra.ebi.ac.uk/vol1/run/ERR154/ERR15463916/C01_L003_R1.fastq.gz;ftp.sra.ebi.ac.uk/vol1/run/ERR154/ERR15463916/C01_L003_R2.fastq.gz		ftp.sra.ebi.ac.uk/vol1/err/ERR154/016/ERR15463916/ERR15463916.bam
ERR15463920	SAMEA119567912	ERX14867852	PRJEB89160	9031	Gallus gallus	ftp.sra.ebi.ac.uk/vol1/fastq/ERR154/020/ERR15463920/ERR15463920_1.fastq.gz;ftp.sra.ebi.ac.uk/vol1/fastq/ERR154/020/ERR15463920/ERR15463920_2.fastq.gz	ftp.sra.ebi.ac.uk/vol1/run/ERR154/ERR15463920/C01_L004_R1.fastq.gz;ftp.sra.ebi.ac.uk/vol1/run/ERR154/ERR15463920/C01_L004_R2.fastq.gz		ftp.sra.ebi.ac.uk/vol1/err/ERR154/020/ERR15463920/ERR15463920.bam
ERR15463930	SAMEA119567913	ERX14867862	PRJEB89160	9031	Gallus gallus		ftp.sra.ebi.ac.uk/vol1/run/ERR154/ERR15463930/C02_L004_R1.fastq.gz;ftp.sra.ebi.ac.uk/vol1/run/ERR154/ERR15463930/C02_L004_R2.fastq.gz		ftp.sra.ebi.ac.uk/vol1/err/ERR154/030/ERR15463930/ERR15463930.bam
ERR15463935	SAMEA119567914	ERX14867867	PRJEB89160	9031	Gallus gallus	ftp.sra.ebi.ac.uk/vol1/fastq/ERR154/035/ERR15463935/ERR15463935_1.fastq.gz;ftp.sra.ebi.ac.uk/vol1/fastq/ERR154/035/ERR15463935/ERR15463935_2.fastq.gz	ftp.sra.ebi.ac.uk/vol1/run/ERR154/ERR15463935/C03_L003_R1.fastq.gz;ftp.sra.ebi.ac.uk/vol1/run/ERR154/ERR15463935/C03_L003_R2.fastq.gz		ftp.sra.ebi.ac.uk/vol1/err/ERR154/035/ERR15463935/ERR15463935.bam
ERR15464153	SAMEA119567917	ERX14868049	PRJEB89160	9031	Gallus gallus	ftp.sra.ebi.ac.uk/vol1/fastq/ERR154/053/ERR15464153/ERR15464153_1.fastq.gz;ftp.sra.ebi.ac.uk/vol1/fastq/ERR154/053/ERR15464153/ERR15464153_2.fastq.gz	ftp.sra.ebi.ac.uk/vol1/run/ERR154/ERR15464153/C06_L003_R1.fastq.gz;ftp.sra.ebi.ac.uk/vol1/run/ERR154/ERR15464153/C06_L003_R2.fastq.gz		ftp.sra.ebi.ac.uk/vol1/err/ERR154/053/ERR15464153/ERR15464153.bam
ERR15464172	SAMEA119567918	ERX14868068	PRJEB89160	9031	Gallus gallus	ftp.sra.ebi.ac.uk/vol1/fastq/ERR154/072/ERR15464172/ERR15464172_1.fastq.gz;ftp.sra.ebi.ac.uk/vol1/fastq/ERR154/072/ERR15464172/ERR15464172_2.fastq.gz	ftp.sra.ebi.ac.uk/vol1/run/ERR154/ERR15464172/D01_L004_R1.fastq.gz;ftp.sra.ebi.ac.uk/vol1/run/ERR154/ERR15464172/D01_L004_R2.fastq.gz		ftp.sra.ebi.ac.uk/vol1/err/ERR154/072/ERR15464172/ERR15464172.bam
ERR15464183	SAMEA119567919	ERX14868079	PRJEB89160	9031	Gallus gallus	ftp.sra.ebi.ac.uk/vol1/fastq/ERR154/083/ERR15464183/ERR15464183_1.fastq.gz;ftp.sra.ebi.ac.uk/vol1/fastq/ERR154/083/ERR15464183/ERR15464183_2.fastq.gz	ftp.sra.ebi.ac.uk/vol1/run/ERR154/ERR15464183/D02_L004_R1.fastq.gz;ftp.sra.ebi.ac.uk/vol1/run/ERR154/ERR15464183/D02_L004_R2.fastq.gz		ftp.sra.ebi.ac.uk/vol1/err/ERR154/083/ERR15464183/ERR15464183.bam
ERR15464225	SAMEA119567924	ERX14868121	PRJEB89160	9031	Gallus gallus	ftp.sra.ebi.ac.uk/vol1/fastq/ERR154/025/ERR15464225/ERR15464225_1.fastq.gz;ftp.sra.ebi.ac.uk/vol1/fastq/ERR154/025/ERR15464225/ERR15464225_2.fastq.gz	ftp.sra.ebi.ac.uk/vol1/run/ERR154/ERR15464225/E01_L003_R1.fastq.gz;ftp.sra.ebi.ac.uk/vol1/run/ERR154/ERR15464225/E01_L003_R2.fastq.gz		ftp.sra.ebi.ac.uk/vol1/err/ERR154/025/ERR15464225/ERR15464225.bam
ERR15464239	SAMEA119567925	ERX14868135	PRJEB89160	9031	Gallus gallus	ftp.sra.ebi.ac.uk/vol1/fastq/ERR154/039/ERR15464239/ERR15464239_1.fastq.gz;ftp.sra.ebi.ac.uk/vol1/fastq/ERR154/039/ERR15464239/ERR15464239_2.fastq.gz	ftp.sra.ebi.ac.uk/vol1/run/ERR154/ERR15464239/E02_L003_R1.fastq.gz;ftp.sra.ebi.ac.uk/vol1/run/ERR154/ERR15464239/E02_L003_R2.fastq.gz		ftp.sra.ebi.ac.uk/vol1/err/ERR154/039/ERR15464239/ERR15464239.bam
ERR15464264	SAMEA119567927	ERX14868160	PRJEB89160	9031	Gallus gallus	ftp.sra.ebi.ac.uk/vol1/fastq/ERR154/064/ERR15464264/ERR15464264_1.fastq.gz;ftp.sra.ebi.ac.uk/vol1/fastq/ERR154/064/ERR15464264/ERR15464264_2.fastq.gz	ftp.sra.ebi.ac.uk/vol1/run/ERR154/ERR15464264/E04_L004_R1.fastq.gz;ftp.sra.ebi.ac.uk/vol1/run/ERR154/ERR15464264/E04_L004_R2.fastq.gz		ftp.sra.ebi.ac.uk/vol1/err/ERR154/064/ERR15464264/ERR15464264.bam
ERR15464276	SAMEA119567929	ERX14868172	PRJEB89160	9031	Gallus gallus		ftp.sra.ebi.ac.uk/vol1/run/ERR154/ERR15464276/E06_L003_R1.fastq.gz;ftp.sra.ebi.ac.uk/vol1/run/ERR154/ERR15464276/E06_L003_R2.fastq.gz		ftp.sra.ebi.ac.uk/vol1/err/ERR154/076/ERR15464276/ERR15464276.bam
ERR15464280	SAMEA119567929	ERX14868176	PRJEB89160	9031	Gallus gallus	ftp.sra.ebi.ac.uk/vol1/fastq/ERR154/080/ERR15464280/ERR15464280_1.fastq.gz;ftp.sra.ebi.ac.uk/vol1/fastq/ERR154/080/ERR15464280/ERR15464280_2.fastq.gz	ftp.sra.ebi.ac.uk/vol1/run/ERR154/ERR15464280/E06_L004_R1.fastq.gz;ftp.sra.ebi.ac.uk/vol1/run/ERR154/ERR15464280/E06_L004_R2.fastq.gz		ftp.sra.ebi.ac.uk/vol1/err/ERR154/080/ERR15464280/ERR15464280.bam
ERR15464283	SAMEA119567930	ERX14868179	PRJEB89160	9031	Gallus gallus		ftp.sra.ebi.ac.uk/vol1/run/ERR154/ERR15464283/F01_L003_R1.fastq.gz;ftp.sra.ebi.ac.uk/vol1/run/ERR154/ERR15464283/F01_L003_R2.fastq.gz		ftp.sra.ebi.ac.uk/vol1/err/ERR154/083/ERR15464283/ERR15464283.bam
ERR15464296	SAMEA119567931	ERX14868192	PRJEB89160	9031	Gallus gallus	ftp.sra.ebi.ac.uk/vol1/fastq/ERR154/096/ERR15464296/ERR15464296_1.fastq.gz;ftp.sra.ebi.ac.uk/vol1/fastq/ERR154/096/ERR15464296/ERR15464296_2.fastq.gz	ftp.sra.ebi.ac.uk/vol1/run/ERR154/ERR15464296/F02_L004_R1.fastq.gz;ftp.sra.ebi.ac.uk/vol1/run/ERR154/ERR15464296/F02_L004_R2.fastq.gz		ftp.sra.ebi.ac.uk/vol1/err/ERR154/096/ERR15464296/ERR15464296.bam
ERR15464400	SAMEA119567933	ERX14868296	PRJEB89160	9031	Gallus gallus	ftp.sra.ebi.ac.uk/vol1/fastq/ERR154/000/ERR15464400/ERR15464400_1.fastq.gz;ftp.sra.ebi.ac.uk/vol1/fastq/ERR154/000/ERR15464400/ERR15464400_2.fastq.gz	ftp.sra.ebi.ac.uk/vol1/run/ERR154/ERR15464400/F04_L003_R1.fastq.gz;ftp.sra.ebi.ac.uk/vol1/run/ERR154/ERR15464400/F04_L003_R2.fastq.gz		ftp.sra.ebi.ac.uk/vol1/err/ERR154/000/ERR15464400/ERR15464400.bam
ERR15464451	SAMEA119567935	ERX14868347	PRJEB89160	9031	Gallus gallus	ftp.sra.ebi.ac.uk/vol1/fastq/ERR154/051/ERR15464451/ERR15464451_1.fastq.gz;ftp.sra.ebi.ac.uk/vol1/fastq/ERR154/051/ERR15464451/ERR15464451_2.fastq.gz	ftp.sra.ebi.ac.uk/vol1/run/ERR154/ERR15464451/F06_L003_R1.fastq.gz;ftp.sra.ebi.ac.uk/vol1/run/ERR154/ERR15464451/F06_L003_R2.fastq.gz		ftp.sra.ebi.ac.uk/vol1/err/ERR154/051/ERR15464451/ERR15464451.bam
ERR15464453	SAMEA119567935	ERX14868349	PRJEB89160	9031	Gallus gallus	ftp.sra.ebi.ac.uk/vol1/fastq/ERR154/053/ERR15464453/ERR15464453_1.fastq.gz;ftp.sra.ebi.ac.uk/vol1/fastq/ERR154/053/ERR15464453/ERR15464453_2.fastq.gz	ftp.sra.ebi.ac.uk/vol1/run/ERR154/ERR15464453/F06_L004_R1.fastq.gz;ftp.sra.ebi.ac.uk/vol1/run/ERR154/ERR15464453/F06_L004_R2.fastq.gz		ftp.sra.ebi.ac.uk/vol1/err/ERR154/053/ERR15464453/ERR15464453.bam
ERR15464461	SAMEA119567937	ERX14868357	PRJEB89160	9031	Gallus gallus	ftp.sra.ebi.ac.uk/vol1/fastq/ERR154/061/ERR15464461/ERR15464461_1.fastq.gz;ftp.sra.ebi.ac.uk/vol1/fastq/ERR154/061/ERR15464461/ERR15464461_2.fastq.gz	ftp.sra.ebi.ac.uk/vol1/run/ERR154/ERR15464461/G02_L004_R1.fastq.gz;ftp.sra.ebi.ac.uk/vol1/run/ERR154/ERR15464461/G02_L004_R2.fastq.gz		ftp.sra.ebi.ac.uk/vol1/err/ERR154/061/ERR15464461/ERR15464461.bam
ERR15464472	SAMEA119567941	ERX14868368	PRJEB89160	9031	Gallus gallus		ftp.sra.ebi.ac.uk/vol1/run/ERR154/ERR15464472/G06_L003_R1.fastq.gz;ftp.sra.ebi.ac.uk/vol1/run/ERR154/ERR15464472/G06_L003_R2.fastq.gz		ftp.sra.ebi.ac.uk/vol1/err/ERR154/072/ERR15464472/ERR15464472.bam
ERR15464483	SAMEA119567944	ERX14868379	PRJEB89160	9031	Gallus gallus		ftp.sra.ebi.ac.uk/vol1/run/ERR154/ERR15464483/H04_L004_R1.fastq.gz;ftp.sra.ebi.ac.uk/vol1/run/ERR154/ERR15464483/H04_L004_R2.fastq.gz		ftp.sra.ebi.ac.uk/vol1/err/ERR154/083/ERR15464483/ERR15464483.bam
ERR15464485	SAMEA119567945	ERX14868381	PRJEB89160	9031	Gallus gallus	ftp.sra.ebi.ac.uk/vol1/fastq/ERR154/085/ERR15464485/ERR15464485_1.fastq.gz;ftp.sra.ebi.ac.uk/vol1/fastq/ERR154/085/ERR15464485/ERR15464485_2.fastq.gz	ftp.sra.ebi.ac.uk/vol1/run/ERR154/ERR15464485/H05_L003_R1.fastq.gz;ftp.sra.ebi.ac.uk/vol1/run/ERR154/ERR15464485/H05_L003_R2.fastq.gz		ftp.sra.ebi.ac.uk/vol1/err/ERR154/085/ERR15464485/ERR15464485.bam
ERR15464500	SAMEA119567946	ERX14868396	PRJEB89160	9031	Gallus gallus	ftp.sra.ebi.ac.uk/vol1/fastq/ERR154/000/ERR15464500/ERR15464500_1.fastq.gz;ftp.sra.ebi.ac.uk/vol1/fastq/ERR154/000/ERR15464500/ERR15464500_2.fastq.gz	ftp.sra.ebi.ac.uk/vol1/run/ERR154/ERR15464500/H06_L003_R1.fastq.gz;ftp.sra.ebi.ac.uk/vol1/run/ERR154/ERR15464500/H06_L003_R2.fastq.gz		ftp.sra.ebi.ac.uk/vol1/err/ERR154/000/ERR15464500/ERR15464500.bam
ERR15463833	SAMEA119567898	ERX14867765	PRJEB89160	9031	Gallus gallus	ftp.sra.ebi.ac.uk/vol1/fastq/ERR154/033/ERR15463833/ERR15463833_1.fastq.gz;ftp.sra.ebi.ac.uk/vol1/fastq/ERR154/033/ERR15463833/ERR15463833_2.fastq.gz	ftp.sra.ebi.ac.uk/vol1/run/ERR154/ERR15463833/A01_L004_R1.fastq.gz;ftp.sra.ebi.ac.uk/vol1/run/ERR154/ERR15463833/A01_L004_R2.fastq.gz		ftp.sra.ebi.ac.uk/vol1/err/ERR154/033/ERR15463833/ERR15463833.bam
ERR15463838	SAMEA119567899	ERX14867770	PRJEB89160	9031	Gallus gallus	ftp.sra.ebi.ac.uk/vol1/fastq/ERR154/038/ERR15463838/ERR15463838_1.fastq.gz;ftp.sra.ebi.ac.uk/vol1/fastq/ERR154/038/ERR15463838/ERR15463838_2.fastq.gz	ftp.sra.ebi.ac.uk/vol1/run/ERR154/ERR15463838/A02_L004_R1.fastq.gz;ftp.sra.ebi.ac.uk/vol1/run/ERR154/ERR15463838/A02_L004_R2.fastq.gz		ftp.sra.ebi.ac.uk/vol1/err/ERR154/038/ERR15463838/ERR15463838.bam
ERR15463628	SAMEA119567946	ERX14867560	PRJEB89160	9031	Gallus gallus	ftp.sra.ebi.ac.uk/vol1/fastq/ERR154/028/ERR15463628/ERR15463628_1.fastq.gz;ftp.sra.ebi.ac.uk/vol1/fastq/ERR154/028/ERR15463628/ERR15463628_2.fastq.gz	ftp.sra.ebi.ac.uk/vol1/run/ERR154/ERR15463628/H06_L004_R1.fastq.gz;ftp.sra.ebi.ac.uk/vol1/run/ERR154/ERR15463628/H06_L004_R2.fastq.gz		ftp.sra.ebi.ac.uk/vol1/err/ERR154/028/ERR15463628/ERR15463628.bam
ERR15463846	SAMEA119567902	ERX14867778	PRJEB89160	9031	Gallus gallus	ftp.sra.ebi.ac.uk/vol1/fastq/ERR154/046/ERR15463846/ERR15463846_1.fastq.gz;ftp.sra.ebi.ac.uk/vol1/fastq/ERR154/046/ERR15463846/ERR15463846_2.fastq.gz	ftp.sra.ebi.ac.uk/vol1/run/ERR154/ERR15463846/A05_L004_R1.fastq.gz;ftp.sra.ebi.ac.uk/vol1/run/ERR154/ERR15463846/A05_L004_R2.fastq.gz		ftp.sra.ebi.ac.uk/vol1/err/ERR154/046/ERR15463846/ERR15463846.bam
ERR15463835	SAMEA119567899	ERX14867767	PRJEB89160	9031	Gallus gallus		ftp.sra.ebi.ac.uk/vol1/run/ERR154/ERR15463835/A02_L003_R1.fastq.gz;ftp.sra.ebi.ac.uk/vol1/run/ERR154/ERR15463835/A02_L003_R2.fastq.gz		ftp.sra.ebi.ac.uk/vol1/err/ERR154/035/ERR15463835/ERR15463835.bam
ERR15463854	SAMEA119567905	ERX14867786	PRJEB89160	9031	Gallus gallus	ftp.sra.ebi.ac.uk/vol1/fastq/ERR154/054/ERR15463854/ERR15463854_1.fastq.gz;ftp.sra.ebi.ac.uk/vol1/fastq/ERR154/054/ERR15463854/ERR15463854_2.fastq.gz	ftp.sra.ebi.ac.uk/vol1/run/ERR154/ERR15463854/B01_L003_R1.fastq.gz;ftp.sra.ebi.ac.uk/vol1/run/ERR154/ERR15463854/B01_L003_R2.fastq.gz		ftp.sra.ebi.ac.uk/vol1/err/ERR154/054/ERR15463854/ERR15463854.bam
ERR15463870	SAMEA119567907	ERX14867802	PRJEB89160	9031	Gallus gallus	ftp.sra.ebi.ac.uk/vol1/fastq/ERR154/070/ERR15463870/ERR15463870_1.fastq.gz;ftp.sra.ebi.ac.uk/vol1/fastq/ERR154/070/ERR15463870/ERR15463870_2.fastq.gz	ftp.sra.ebi.ac.uk/vol1/run/ERR154/ERR15463870/B03_L004_R1.fastq.gz;ftp.sra.ebi.ac.uk/vol1/run/ERR154/ERR15463870/B03_L004_R2.fastq.gz		ftp.sra.ebi.ac.uk/vol1/err/ERR154/070/ERR15463870/ERR15463870.bam
ERR15463839	SAMEA119567900	ERX14867771	PRJEB89160	9031	Gallus gallus	ftp.sra.ebi.ac.uk/vol1/fastq/ERR154/039/ERR15463839/ERR15463839_1.fastq.gz;ftp.sra.ebi.ac.uk/vol1/fastq/ERR154/039/ERR15463839/ERR15463839_2.fastq.gz	ftp.sra.ebi.ac.uk/vol1/run/ERR154/ERR15463839/A03_L003_R1.fastq.gz;ftp.sra.ebi.ac.uk/vol1/run/ERR154/ERR15463839/A03_L003_R2.fastq.gz		ftp.sra.ebi.ac.uk/vol1/err/ERR154/039/ERR15463839/ERR15463839.bam
ERR15463879	SAMEA119567908	ERX14867811	PRJEB89160	9031	Gallus gallus	ftp.sra.ebi.ac.uk/vol1/fastq/ERR154/079/ERR15463879/ERR15463879_1.fastq.gz;ftp.sra.ebi.ac.uk/vol1/fastq/ERR154/079/ERR15463879/ERR15463879_2.fastq.gz	ftp.sra.ebi.ac.uk/vol1/run/ERR154/ERR15463879/B04_L004_R1.fastq.gz;ftp.sra.ebi.ac.uk/vol1/run/ERR154/ERR15463879/B04_L004_R2.fastq.gz		ftp.sra.ebi.ac.uk/vol1/err/ERR154/079/ERR15463879/ERR15463879.bam
ERR15463842	SAMEA119567901	ERX14867774	PRJEB89160	9031	Gallus gallus	ftp.sra.ebi.ac.uk/vol1/fastq/ERR154/042/ERR15463842/ERR15463842_1.fastq.gz;ftp.sra.ebi.ac.uk/vol1/fastq/ERR154/042/ERR15463842/ERR15463842_2.fastq.gz	ftp.sra.ebi.ac.uk/vol1/run/ERR154/ERR15463842/A04_L003_R1.fastq.gz;ftp.sra.ebi.ac.uk/vol1/run/ERR154/ERR15463842/A04_L003_R2.fastq.gz		ftp.sra.ebi.ac.uk/vol1/err/ERR154/042/ERR15463842/ERR15463842.bam
ERR15463900	SAMEA119567910	ERX14867832	PRJEB89160	9031	Gallus gallus	ftp.sra.ebi.ac.uk/vol1/fastq/ERR154/000/ERR15463900/ERR15463900_1.fastq.gz;ftp.sra.ebi.ac.uk/vol1/fastq/ERR154/000/ERR15463900/ERR15463900_2.fastq.gz	ftp.sra.ebi.ac.uk/vol1/run/ERR154/ERR15463900/B06_L004_R1.fastq.gz;ftp.sra.ebi.ac.uk/vol1/run/ERR154/ERR15463900/B06_L004_R2.fastq.gz		ftp.sra.ebi.ac.uk/vol1/err/ERR154/000/ERR15463900/ERR15463900.bam
ERR15463843	SAMEA119567901	ERX14867775	PRJEB89160	9031	Gallus gallus	ftp.sra.ebi.ac.uk/vol1/fastq/ERR154/043/ERR15463843/ERR15463843_1.fastq.gz;ftp.sra.ebi.ac.uk/vol1/fastq/ERR154/043/ERR15463843/ERR15463843_2.fastq.gz	ftp.sra.ebi.ac.uk/vol1/run/ERR154/ERR15463843/A04_L004_R1.fastq.gz;ftp.sra.ebi.ac.uk/vol1/run/ERR154/ERR15463843/A04_L004_R2.fastq.gz		ftp.sra.ebi.ac.uk/vol1/err/ERR154/043/ERR15463843/ERR15463843.bam
ERR15463911	SAMEA119567911	ERX14867843	PRJEB89160	9031	Gallus gallus	ftp.sra.ebi.ac.uk/vol1/fastq/ERR154/011/ERR15463911/ERR15463911_1.fastq.gz;ftp.sra.ebi.ac.uk/vol1/fastq/ERR154/011/ERR15463911/ERR15463911_2.fastq.gz	ftp.sra.ebi.ac.uk/vol1/run/ERR154/ERR15463911/B07_L004_R1.fastq.gz;ftp.sra.ebi.ac.uk/vol1/run/ERR154/ERR15463911/B07_L004_R2.fastq.gz		ftp.sra.ebi.ac.uk/vol1/err/ERR154/011/ERR15463911/ERR15463911.bam
ERR15463986	SAMEA119567915	ERX14867882	PRJEB89160	9031	Gallus gallus	ftp.sra.ebi.ac.uk/vol1/fastq/ERR154/086/ERR15463986/ERR15463986_1.fastq.gz;ftp.sra.ebi.ac.uk/vol1/fastq/ERR154/086/ERR15463986/ERR15463986_2.fastq.gz	ftp.sra.ebi.ac.uk/vol1/run/ERR154/ERR15463986/C04_L003_R1.fastq.gz;ftp.sra.ebi.ac.uk/vol1/run/ERR154/ERR15463986/C04_L003_R2.fastq.gz		ftp.sra.ebi.ac.uk/vol1/err/ERR154/086/ERR15463986/ERR15463986.bam
ERR15464034	SAMEA119567915	ERX14867930	PRJEB89160	9031	Gallus gallus	ftp.sra.ebi.ac.uk/vol1/fastq/ERR154/034/ERR15464034/ERR15464034_1.fastq.gz;ftp.sra.ebi.ac.uk/vol1/fastq/ERR154/034/ERR15464034/ERR15464034_2.fastq.gz	ftp.sra.ebi.ac.uk/vol1/run/ERR154/ERR15464034/C04_L004_R1.fastq.gz;ftp.sra.ebi.ac.uk/vol1/run/ERR154/ERR15464034/C04_L004_R2.fastq.gz		ftp.sra.ebi.ac.uk/vol1/err/ERR154/034/ERR15464034/ERR15464034.bam
ERR15463844	SAMEA119567902	ERX14867776	PRJEB89160	9031	Gallus gallus		ftp.sra.ebi.ac.uk/vol1/run/ERR154/ERR15463844/A05_L003_R1.fastq.gz;ftp.sra.ebi.ac.uk/vol1/run/ERR154/ERR15463844/A05_L003_R2.fastq.gz		ftp.sra.ebi.ac.uk/vol1/err/ERR154/044/ERR15463844/ERR15463844.bam
ERR15464039	SAMEA119567916	ERX14867935	PRJEB89160	9031	Gallus gallus	ftp.sra.ebi.ac.uk/vol1/fastq/ERR154/039/ERR15464039/ERR15464039_1.fastq.gz;ftp.sra.ebi.ac.uk/vol1/fastq/ERR154/039/ERR15464039/ERR15464039_2.fastq.gz	ftp.sra.ebi.ac.uk/vol1/run/ERR154/ERR15464039/C05_L003_R1.fastq.gz;ftp.sra.ebi.ac.uk/vol1/run/ERR154/ERR15464039/C05_L003_R2.fastq.gz		ftp.sra.ebi.ac.uk/vol1/err/ERR154/039/ERR15464039/ERR15464039.bam
ERR15463852	SAMEA119567904	ERX14867784	PRJEB89160	9031	Gallus gallus		ftp.sra.ebi.ac.uk/vol1/run/ERR154/ERR15463852/A07_L003_R1.fastq.gz;ftp.sra.ebi.ac.uk/vol1/run/ERR154/ERR15463852/A07_L003_R2.fastq.gz		ftp.sra.ebi.ac.uk/vol1/err/ERR154/052/ERR15463852/ERR15463852.bam
ERR15464160	SAMEA119567917	ERX14868056	PRJEB89160	9031	Gallus gallus	ftp.sra.ebi.ac.uk/vol1/fastq/ERR154/060/ERR15464160/ERR15464160_1.fastq.gz;ftp.sra.ebi.ac.uk/vol1/fastq/ERR154/060/ERR15464160/ERR15464160_2.fastq.gz	ftp.sra.ebi.ac.uk/vol1/run/ERR154/ERR15464160/C06_L004_R1.fastq.gz;ftp.sra.ebi.ac.uk/vol1/run/ERR154/ERR15464160/C06_L004_R2.fastq.gz		ftp.sra.ebi.ac.uk/vol1/err/ERR154/060/ERR15464160/ERR15464160.bam
ERR15464167	SAMEA119567918	ERX14868063	PRJEB89160	9031	Gallus gallus	ftp.sra.ebi.ac.uk/vol1/fastq/ERR154/067/ERR15464167/ERR15464167_1.fastq.gz;ftp.sra.ebi.ac.uk/vol1/fastq/ERR154/067/ERR15464167/ERR15464167_2.fastq.gz	ftp.sra.ebi.ac.uk/vol1/run/ERR154/ERR15464167/D01_L003_R1.fastq.gz;ftp.sra.ebi.ac.uk/vol1/run/ERR154/ERR15464167/D01_L003_R2.fastq.gz		ftp.sra.ebi.ac.uk/vol1/err/ERR154/067/ERR15464167/ERR15464167.bam
ERR15463856	SAMEA119567905	ERX14867788	PRJEB89160	9031	Gallus gallus	ftp.sra.ebi.ac.uk/vol1/fastq/ERR154/056/ERR15463856/ERR15463856_1.fastq.gz;ftp.sra.ebi.ac.uk/vol1/fastq/ERR154/056/ERR15463856/ERR15463856_2.fastq.gz	ftp.sra.ebi.ac.uk/vol1/run/ERR154/ERR15463856/B01_L004_R1.fastq.gz;ftp.sra.ebi.ac.uk/vol1/run/ERR154/ERR15463856/B01_L004_R2.fastq.gz		ftp.sra.ebi.ac.uk/vol1/err/ERR154/056/ERR15463856/ERR15463856.bam
ERR15464178	SAMEA119567919	ERX14868074	PRJEB89160	9031	Gallus gallus		ftp.sra.ebi.ac.uk/vol1/run/ERR154/ERR15464178/D02_L003_R1.fastq.gz;ftp.sra.ebi.ac.uk/vol1/run/ERR154/ERR15464178/D02_L003_R2.fastq.gz		ftp.sra.ebi.ac.uk/vol1/err/ERR154/078/ERR15464178/ERR15464178.bam
ERR15463865	SAMEA119567907	ERX14867797	PRJEB89160	9031	Gallus gallus	ftp.sra.ebi.ac.uk/vol1/fastq/ERR154/065/ERR15463865/ERR15463865_1.fastq.gz;ftp.sra.ebi.ac.uk/vol1/fastq/ERR154/065/ERR15463865/ERR15463865_2.fastq.gz	ftp.sra.ebi.ac.uk/vol1/run/ERR154/ERR15463865/B03_L003_R1.fastq.gz;ftp.sra.ebi.ac.uk/vol1/run/ERR154/ERR15463865/B03_L003_R2.fastq.gz		ftp.sra.ebi.ac.uk/vol1/err/ERR154/065/ERR15463865/ERR15463865.bam
ERR15463875	SAMEA119567908	ERX14867807	PRJEB89160	9031	Gallus gallus	ftp.sra.ebi.ac.uk/vol1/fastq/ERR154/075/ERR15463875/ERR15463875_1.fastq.gz;ftp.sra.ebi.ac.uk/vol1/fastq/ERR154/075/ERR15463875/ERR15463875_2.fastq.gz	ftp.sra.ebi.ac.uk/vol1/run/ERR154/ERR15463875/B04_L003_R1.fastq.gz;ftp.sra.ebi.ac.uk/vol1/run/ERR154/ERR15463875/B04_L003_R2.fastq.gz		ftp.sra.ebi.ac.uk/vol1/err/ERR154/075/ERR15463875/ERR15463875.bam
ERR15463883	SAMEA119567909	ERX14867815	PRJEB89160	9031	Gallus gallus	ftp.sra.ebi.ac.uk/vol1/fastq/ERR154/083/ERR15463883/ERR15463883_1.fastq.gz;ftp.sra.ebi.ac.uk/vol1/fastq/ERR154/083/ERR15463883/ERR15463883_2.fastq.gz	ftp.sra.ebi.ac.uk/vol1/run/ERR154/ERR15463883/B05_L003_R1.fastq.gz;ftp.sra.ebi.ac.uk/vol1/run/ERR154/ERR15463883/B05_L003_R2.fastq.gz		ftp.sra.ebi.ac.uk/vol1/err/ERR154/083/ERR15463883/ERR15463883.bam
ERR15464196	SAMEA119567921	ERX14868092	PRJEB89160	9031	Gallus gallus		ftp.sra.ebi.ac.uk/vol1/run/ERR154/ERR15464196/D04_L003_R1.fastq.gz;ftp.sra.ebi.ac.uk/vol1/run/ERR154/ERR15464196/D04_L003_R2.fastq.gz		ftp.sra.ebi.ac.uk/vol1/err/ERR154/096/ERR15464196/ERR15464196.bam
ERR15463894	SAMEA119567910	ERX14867826	PRJEB89160	9031	Gallus gallus		ftp.sra.ebi.ac.uk/vol1/run/ERR154/ERR15463894/B06_L003_R1.fastq.gz;ftp.sra.ebi.ac.uk/vol1/run/ERR154/ERR15463894/B06_L003_R2.fastq.gz		ftp.sra.ebi.ac.uk/vol1/err/ERR154/094/ERR15463894/ERR15463894.bam
ERR15464205	SAMEA119567922	ERX14868101	PRJEB89160	9031	Gallus gallus	ftp.sra.ebi.ac.uk/vol1/fastq/ERR154/005/ERR15464205/ERR15464205_1.fastq.gz;ftp.sra.ebi.ac.uk/vol1/fastq/ERR154/005/ERR15464205/ERR15464205_2.fastq.gz	ftp.sra.ebi.ac.uk/vol1/run/ERR154/ERR15464205/D05_L003_R1.fastq.gz;ftp.sra.ebi.ac.uk/vol1/run/ERR154/ERR15464205/D05_L003_R2.fastq.gz		ftp.sra.ebi.ac.uk/vol1/err/ERR154/005/ERR15464205/ERR15464205.bam
ERR15463908	SAMEA119567911	ERX14867840	PRJEB89160	9031	Gallus gallus	ftp.sra.ebi.ac.uk/vol1/fastq/ERR154/008/ERR15463908/ERR15463908_1.fastq.gz;ftp.sra.ebi.ac.uk/vol1/fastq/ERR154/008/ERR15463908/ERR15463908_2.fastq.gz	ftp.sra.ebi.ac.uk/vol1/run/ERR154/ERR15463908/B07_L003_R1.fastq.gz;ftp.sra.ebi.ac.uk/vol1/run/ERR154/ERR15463908/B07_L003_R2.fastq.gz		ftp.sra.ebi.ac.uk/vol1/err/ERR154/008/ERR15463908/ERR15463908.bam
ERR15464234	SAMEA119567924	ERX14868130	PRJEB89160	9031	Gallus gallus	ftp.sra.ebi.ac.uk/vol1/fastq/ERR154/034/ERR15464234/ERR15464234_1.fastq.gz;ftp.sra.ebi.ac.uk/vol1/fastq/ERR154/034/ERR15464234/ERR15464234_2.fastq.gz	ftp.sra.ebi.ac.uk/vol1/run/ERR154/ERR15464234/E01_L004_R1.fastq.gz;ftp.sra.ebi.ac.uk/vol1/run/ERR154/ERR15464234/E01_L004_R2.fastq.gz		ftp.sra.ebi.ac.uk/vol1/err/ERR154/034/ERR15464234/ERR15464234.bam
ERR15463927	SAMEA119567913	ERX14867859	PRJEB89160	9031	Gallus gallus	ftp.sra.ebi.ac.uk/vol1/fastq/ERR154/027/ERR15463927/ERR15463927_1.fastq.gz;ftp.sra.ebi.ac.uk/vol1/fastq/ERR154/027/ERR15463927/ERR15463927_2.fastq.gz	ftp.sra.ebi.ac.uk/vol1/run/ERR154/ERR15463927/C02_L003_R1.fastq.gz;ftp.sra.ebi.ac.uk/vol1/run/ERR154/ERR15463927/C02_L003_R2.fastq.gz		ftp.sra.ebi.ac.uk/vol1/err/ERR154/027/ERR15463927/ERR15463927.bam
ERR15464242	SAMEA119567925	ERX14868138	PRJEB89160	9031	Gallus gallus	ftp.sra.ebi.ac.uk/vol1/fastq/ERR154/042/ERR15464242/ERR15464242_1.fastq.gz;ftp.sra.ebi.ac.uk/vol1/fastq/ERR154/042/ERR15464242/ERR15464242_2.fastq.gz	ftp.sra.ebi.ac.uk/vol1/run/ERR154/ERR15464242/E02_L004_R1.fastq.gz;ftp.sra.ebi.ac.uk/vol1/run/ERR154/ERR15464242/E02_L004_R2.fastq.gz		ftp.sra.ebi.ac.uk/vol1/err/ERR154/042/ERR15464242/ERR15464242.bam
ERR15463940	SAMEA119567914	ERX14867872	PRJEB89160	9031	Gallus gallus	ftp.sra.ebi.ac.uk/vol1/fastq/ERR154/040/ERR15463940/ERR15463940_1.fastq.gz;ftp.sra.ebi.ac.uk/vol1/fastq/ERR154/040/ERR15463940/ERR15463940_2.fastq.gz	ftp.sra.ebi.ac.uk/vol1/run/ERR154/ERR15463940/C03_L004_R1.fastq.gz;ftp.sra.ebi.ac.uk/vol1/run/ERR154/ERR15463940/C03_L004_R2.fastq.gz		ftp.sra.ebi.ac.uk/vol1/err/ERR154/040/ERR15463940/ERR15463940.bam
ERR15464248	SAMEA119567926	ERX14868144	PRJEB89160	9031	Gallus gallus		ftp.sra.ebi.ac.uk/vol1/run/ERR154/ERR15464248/E03_L003_R1.fastq.gz;ftp.sra.ebi.ac.uk/vol1/run/ERR154/ERR15464248/E03_L003_R2.fastq.gz		ftp.sra.ebi.ac.uk/vol1/err/ERR154/048/ERR15464248/ERR15464248.bam
ERR15464254	SAMEA119567926	ERX14868150	PRJEB89160	9031	Gallus gallus		ftp.sra.ebi.ac.uk/vol1/run/ERR154/ERR15464254/E03_L004_R1.fastq.gz;ftp.sra.ebi.ac.uk/vol1/run/ERR154/ERR15464254/E03_L004_R2.fastq.gz		ftp.sra.ebi.ac.uk/vol1/err/ERR154/054/ERR15464254/ERR15464254.bam
ERR15464269	SAMEA119567928	ERX14868165	PRJEB89160	9031	Gallus gallus	ftp.sra.ebi.ac.uk/vol1/fastq/ERR154/069/ERR15464269/ERR15464269_1.fastq.gz;ftp.sra.ebi.ac.uk/vol1/fastq/ERR154/069/ERR15464269/ERR15464269_2.fastq.gz	ftp.sra.ebi.ac.uk/vol1/run/ERR154/ERR15464269/E05_L003_R1.fastq.gz;ftp.sra.ebi.ac.uk/vol1/run/ERR154/ERR15464269/E05_L003_R2.fastq.gz		ftp.sra.ebi.ac.uk/vol1/err/ERR154/069/ERR15464269/ERR15464269.bam
ERR15464149	SAMEA119567916	ERX14868045	PRJEB89160	9031	Gallus gallus		ftp.sra.ebi.ac.uk/vol1/run/ERR154/ERR15464149/C05_L004_R1.fastq.gz;ftp.sra.ebi.ac.uk/vol1/run/ERR154/ERR15464149/C05_L004_R2.fastq.gz		ftp.sra.ebi.ac.uk/vol1/err/ERR154/049/ERR15464149/ERR15464149.bam
ERR15464272	SAMEA119567928	ERX14868168	PRJEB89160	9031	Gallus gallus	ftp.sra.ebi.ac.uk/vol1/fastq/ERR154/072/ERR15464272/ERR15464272_1.fastq.gz;ftp.sra.ebi.ac.uk/vol1/fastq/ERR154/072/ERR15464272/ERR15464272_2.fastq.gz	ftp.sra.ebi.ac.uk/vol1/run/ERR154/ERR15464272/E05_L004_R1.fastq.gz;ftp.sra.ebi.ac.uk/vol1/run/ERR154/ERR15464272/E05_L004_R2.fastq.gz		ftp.sra.ebi.ac.uk/vol1/err/ERR154/072/ERR15464272/ERR15464272.bam
ERR15464288	SAMEA119567930	ERX14868184	PRJEB89160	9031	Gallus gallus	ftp.sra.ebi.ac.uk/vol1/fastq/ERR154/088/ERR15464288/ERR15464288_1.fastq.gz;ftp.sra.ebi.ac.uk/vol1/fastq/ERR154/088/ERR15464288/ERR15464288_2.fastq.gz	ftp.sra.ebi.ac.uk/vol1/run/ERR154/ERR15464288/F01_L004_R1.fastq.gz;ftp.sra.ebi.ac.uk/vol1/run/ERR154/ERR15464288/F01_L004_R2.fastq.gz		ftp.sra.ebi.ac.uk/vol1/err/ERR154/088/ERR15464288/ERR15464288.bam
ERR15464189	SAMEA119567920	ERX14868085	PRJEB89160	9031	Gallus gallus	ftp.sra.ebi.ac.uk/vol1/fastq/ERR154/089/ERR15464189/ERR15464189_1.fastq.gz;ftp.sra.ebi.ac.uk/vol1/fastq/ERR154/089/ERR15464189/ERR15464189_2.fastq.gz	ftp.sra.ebi.ac.uk/vol1/run/ERR154/ERR15464189/D03_L003_R1.fastq.gz;ftp.sra.ebi.ac.uk/vol1/run/ERR154/ERR15464189/D03_L003_R2.fastq.gz		ftp.sra.ebi.ac.uk/vol1/err/ERR154/089/ERR15464189/ERR15464189.bam
ERR15464291	SAMEA119567931	ERX14868187	PRJEB89160	9031	Gallus gallus	ftp.sra.ebi.ac.uk/vol1/fastq/ERR154/091/ERR15464291/ERR15464291_1.fastq.gz;ftp.sra.ebi.ac.uk/vol1/fastq/ERR154/091/ERR15464291/ERR15464291_2.fastq.gz	ftp.sra.ebi.ac.uk/vol1/run/ERR154/ERR15464291/F02_L003_R1.fastq.gz;ftp.sra.ebi.ac.uk/vol1/run/ERR154/ERR15464291/F02_L003_R2.fastq.gz		ftp.sra.ebi.ac.uk/vol1/err/ERR154/091/ERR15464291/ERR15464291.bam
ERR15464193	SAMEA119567920	ERX14868089	PRJEB89160	9031	Gallus gallus	ftp.sra.ebi.ac.uk/vol1/fastq/ERR154/093/ERR15464193/ERR15464193_1.fastq.gz;ftp.sra.ebi.ac.uk/vol1/fastq/ERR154/093/ERR15464193/ERR15464193_2.fastq.gz	ftp.sra.ebi.ac.uk/vol1/run/ERR154/ERR15464193/D03_L004_R1.fastq.gz;ftp.sra.ebi.ac.uk/vol1/run/ERR154/ERR15464193/D03_L004_R2.fastq.gz		ftp.sra.ebi.ac.uk/vol1/err/ERR154/093/ERR15464193/ERR15464193.bam
ERR15464316	SAMEA119567932	ERX14868212	PRJEB89160	9031	Gallus gallus		ftp.sra.ebi.ac.uk/vol1/run/ERR154/ERR15464316/F03_L003_R1.fastq.gz;ftp.sra.ebi.ac.uk/vol1/run/ERR154/ERR15464316/F03_L003_R2.fastq.gz		ftp.sra.ebi.ac.uk/vol1/err/ERR154/016/ERR15464316/ERR15464316.bam
ERR15464447	SAMEA119567934	ERX14868343	PRJEB89160	9031	Gallus gallus		ftp.sra.ebi.ac.uk/vol1/run/ERR154/ERR15464447/F05_L003_R1.fastq.gz;ftp.sra.ebi.ac.uk/vol1/run/ERR154/ERR15464447/F05_L003_R2.fastq.gz		ftp.sra.ebi.ac.uk/vol1/err/ERR154/047/ERR15464447/ERR15464447.bam
ERR15464201	SAMEA119567921	ERX14868097	PRJEB89160	9031	Gallus gallus		ftp.sra.ebi.ac.uk/vol1/run/ERR154/ERR15464201/D04_L004_R1.fastq.gz;ftp.sra.ebi.ac.uk/vol1/run/ERR154/ERR15464201/D04_L004_R2.fastq.gz		ftp.sra.ebi.ac.uk/vol1/err/ERR154/001/ERR15464201/ERR15464201.bam
ERR15464449	SAMEA119567934	ERX14868345	PRJEB89160	9031	Gallus gallus	ftp.sra.ebi.ac.uk/vol1/fastq/ERR154/049/ERR15464449/ERR15464449_1.fastq.gz;ftp.sra.ebi.ac.uk/vol1/fastq/ERR154/049/ERR15464449/ERR15464449_2.fastq.gz	ftp.sra.ebi.ac.uk/vol1/run/ERR154/ERR15464449/F05_L004_R1.fastq.gz;ftp.sra.ebi.ac.uk/vol1/run/ERR154/ERR15464449/F05_L004_R2.fastq.gz		ftp.sra.ebi.ac.uk/vol1/err/ERR154/049/ERR15464449/ERR15464449.bam
ERR15464210	SAMEA119567922	ERX14868106	PRJEB89160	9031	Gallus gallus	ftp.sra.ebi.ac.uk/vol1/fastq/ERR154/010/ERR15464210/ERR15464210_1.fastq.gz;ftp.sra.ebi.ac.uk/vol1/fastq/ERR154/010/ERR15464210/ERR15464210_2.fastq.gz	ftp.sra.ebi.ac.uk/vol1/run/ERR154/ERR15464210/D05_L004_R1.fastq.gz;ftp.sra.ebi.ac.uk/vol1/run/ERR154/ERR15464210/D05_L004_R2.fastq.gz		ftp.sra.ebi.ac.uk/vol1/err/ERR154/010/ERR15464210/ERR15464210.bam
ERR15464460	SAMEA119567937	ERX14868356	PRJEB89160	9031	Gallus gallus	ftp.sra.ebi.ac.uk/vol1/fastq/ERR154/060/ERR15464460/ERR15464460_1.fastq.gz;ftp.sra.ebi.ac.uk/vol1/fastq/ERR154/060/ERR15464460/ERR15464460_2.fastq.gz	ftp.sra.ebi.ac.uk/vol1/run/ERR154/ERR15464460/G02_L003_R1.fastq.gz;ftp.sra.ebi.ac.uk/vol1/run/ERR154/ERR15464460/G02_L003_R2.fastq.gz		ftp.sra.ebi.ac.uk/vol1/err/ERR154/060/ERR15464460/ERR15464460.bam
ERR15464215	SAMEA119567923	ERX14868111	PRJEB89160	9031	Gallus gallus	ftp.sra.ebi.ac.uk/vol1/fastq/ERR154/015/ERR15464215/ERR15464215_1.fastq.gz;ftp.sra.ebi.ac.uk/vol1/fastq/ERR154/015/ERR15464215/ERR15464215_2.fastq.gz	ftp.sra.ebi.ac.uk/vol1/run/ERR154/ERR15464215/D06_L003_R1.fastq.gz;ftp.sra.ebi.ac.uk/vol1/run/ERR154/ERR15464215/D06_L003_R2.fastq.gz		ftp.sra.ebi.ac.uk/vol1/err/ERR154/015/ERR15464215/ERR15464215.bam
ERR15464469	SAMEA119567940	ERX14868365	PRJEB89160	9031	Gallus gallus		ftp.sra.ebi.ac.uk/vol1/run/ERR154/ERR15464469/G05_L003_R1.fastq.gz;ftp.sra.ebi.ac.uk/vol1/run/ERR154/ERR15464469/G05_L003_R2.fastq.gz		ftp.sra.ebi.ac.uk/vol1/err/ERR154/069/ERR15464469/ERR15464469.bam
ERR15464218	SAMEA119567923	ERX14868114	PRJEB89160	9031	Gallus gallus	ftp.sra.ebi.ac.uk/vol1/fastq/ERR154/018/ERR15464218/ERR15464218_1.fastq.gz;ftp.sra.ebi.ac.uk/vol1/fastq/ERR154/018/ERR15464218/ERR15464218_2.fastq.gz	ftp.sra.ebi.ac.uk/vol1/run/ERR154/ERR15464218/D06_L004_R1.fastq.gz;ftp.sra.ebi.ac.uk/vol1/run/ERR154/ERR15464218/D06_L004_R2.fastq.gz		ftp.sra.ebi.ac.uk/vol1/err/ERR154/018/ERR15464218/ERR15464218.bam
ERR15464259	SAMEA119567927	ERX14868155	PRJEB89160	9031	Gallus gallus	ftp.sra.ebi.ac.uk/vol1/fastq/ERR154/059/ERR15464259/ERR15464259_1.fastq.gz;ftp.sra.ebi.ac.uk/vol1/fastq/ERR154/059/ERR15464259/ERR15464259_2.fastq.gz	ftp.sra.ebi.ac.uk/vol1/run/ERR154/ERR15464259/E04_L003_R1.fastq.gz;ftp.sra.ebi.ac.uk/vol1/run/ERR154/ERR15464259/E04_L003_R2.fastq.gz		ftp.sra.ebi.ac.uk/vol1/err/ERR154/059/ERR15464259/ERR15464259.bam
ERR15464470	SAMEA119567940	ERX14868366	PRJEB89160	9031	Gallus gallus		ftp.sra.ebi.ac.uk/vol1/run/ERR154/ERR15464470/G05_L004_R1.fastq.gz;ftp.sra.ebi.ac.uk/vol1/run/ERR154/ERR15464470/G05_L004_R2.fastq.gz		ftp.sra.ebi.ac.uk/vol1/err/ERR154/070/ERR15464470/ERR15464470.bam
ERR15464364	SAMEA119567932	ERX14868260	PRJEB89160	9031	Gallus gallus	ftp.sra.ebi.ac.uk/vol1/fastq/ERR154/064/ERR15464364/ERR15464364_1.fastq.gz;ftp.sra.ebi.ac.uk/vol1/fastq/ERR154/064/ERR15464364/ERR15464364_2.fastq.gz	ftp.sra.ebi.ac.uk/vol1/run/ERR154/ERR15464364/F03_L004_R1.fastq.gz;ftp.sra.ebi.ac.uk/vol1/run/ERR154/ERR15464364/F03_L004_R2.fastq.gz		ftp.sra.ebi.ac.uk/vol1/err/ERR154/064/ERR15464364/ERR15464364.bam
ERR15464433	SAMEA119567933	ERX14868329	PRJEB89160	9031	Gallus gallus	ftp.sra.ebi.ac.uk/vol1/fastq/ERR154/033/ERR15464433/ERR15464433_1.fastq.gz;ftp.sra.ebi.ac.uk/vol1/fastq/ERR154/033/ERR15464433/ERR15464433_2.fastq.gz	ftp.sra.ebi.ac.uk/vol1/run/ERR154/ERR15464433/F04_L004_R1.fastq.gz;ftp.sra.ebi.ac.uk/vol1/run/ERR154/ERR15464433/F04_L004_R2.fastq.gz		ftp.sra.ebi.ac.uk/vol1/err/ERR154/033/ERR15464433/ERR15464433.bam
ERR15464475	SAMEA119567942	ERX14868371	PRJEB89160	9031	Gallus gallus	ftp.sra.ebi.ac.uk/vol1/fastq/ERR154/075/ERR15464475/ERR15464475_1.fastq.gz;ftp.sra.ebi.ac.uk/vol1/fastq/ERR154/075/ERR15464475/ERR15464475_2.fastq.gz	ftp.sra.ebi.ac.uk/vol1/run/ERR154/ERR15464475/H02_L003_R1.fastq.gz;ftp.sra.ebi.ac.uk/vol1/run/ERR154/ERR15464475/H02_L003_R2.fastq.gz		ftp.sra.ebi.ac.uk/vol1/err/ERR154/075/ERR15464475/ERR15464475.bam
ERR15464476	SAMEA119567942	ERX14868372	PRJEB89160	9031	Gallus gallus	ftp.sra.ebi.ac.uk/vol1/fastq/ERR154/076/ERR15464476/ERR15464476_1.fastq.gz;ftp.sra.ebi.ac.uk/vol1/fastq/ERR154/076/ERR15464476/ERR15464476_2.fastq.gz	ftp.sra.ebi.ac.uk/vol1/run/ERR154/ERR15464476/H02_L004_R1.fastq.gz;ftp.sra.ebi.ac.uk/vol1/run/ERR154/ERR15464476/H02_L004_R2.fastq.gz		ftp.sra.ebi.ac.uk/vol1/err/ERR154/076/ERR15464476/ERR15464476.bam
ERR15464456	SAMEA119567936	ERX14868352	PRJEB89160	9031	Gallus gallus	ftp.sra.ebi.ac.uk/vol1/fastq/ERR154/056/ERR15464456/ERR15464456_1.fastq.gz;ftp.sra.ebi.ac.uk/vol1/fastq/ERR154/056/ERR15464456/ERR15464456_2.fastq.gz	ftp.sra.ebi.ac.uk/vol1/run/ERR154/ERR15464456/G01_L003_R1.fastq.gz;ftp.sra.ebi.ac.uk/vol1/run/ERR154/ERR15464456/G01_L003_R2.fastq.gz		ftp.sra.ebi.ac.uk/vol1/err/ERR154/056/ERR15464456/ERR15464456.bam
ERR15464480	SAMEA119567943	ERX14868376	PRJEB89160	9031	Gallus gallus	ftp.sra.ebi.ac.uk/vol1/fastq/ERR154/080/ERR15464480/ERR15464480_1.fastq.gz;ftp.sra.ebi.ac.uk/vol1/fastq/ERR154/080/ERR15464480/ERR15464480_2.fastq.gz	ftp.sra.ebi.ac.uk/vol1/run/ERR154/ERR15464480/H03_L004_R1.fastq.gz;ftp.sra.ebi.ac.uk/vol1/run/ERR154/ERR15464480/H03_L004_R2.fastq.gz		ftp.sra.ebi.ac.uk/vol1/err/ERR154/080/ERR15464480/ERR15464480.bam
ERR15464482	SAMEA119567944	ERX14868378	PRJEB89160	9031	Gallus gallus		ftp.sra.ebi.ac.uk/vol1/run/ERR154/ERR15464482/H04_L003_R1.fastq.gz;ftp.sra.ebi.ac.uk/vol1/run/ERR154/ERR15464482/H04_L003_R2.fastq.gz		ftp.sra.ebi.ac.uk/vol1/err/ERR154/082/ERR15464482/ERR15464482.bam
ERR15464499	SAMEA119567945	ERX14868395	PRJEB89160	9031	Gallus gallus	ftp.sra.ebi.ac.uk/vol1/fastq/ERR154/099/ERR15464499/ERR15464499_1.fastq.gz;ftp.sra.ebi.ac.uk/vol1/fastq/ERR154/099/ERR15464499/ERR15464499_2.fastq.gz	ftp.sra.ebi.ac.uk/vol1/run/ERR154/ERR15464499/H05_L004_R1.fastq.gz;ftp.sra.ebi.ac.uk/vol1/run/ERR154/ERR15464499/H05_L004_R2.fastq.gz		ftp.sra.ebi.ac.uk/vol1/err/ERR154/099/ERR15464499/ERR15464499.bam
ERR15464458	SAMEA119567936	ERX14868354	PRJEB89160	9031	Gallus gallus		ftp.sra.ebi.ac.uk/vol1/run/ERR154/ERR15464458/G01_L004_R1.fastq.gz;ftp.sra.ebi.ac.uk/vol1/run/ERR154/ERR15464458/G01_L004_R2.fastq.gz		ftp.sra.ebi.ac.uk/vol1/err/ERR154/058/ERR15464458/ERR15464458.bam
ERR15464463	SAMEA119567938	ERX14868359	PRJEB89160	9031	Gallus gallus	ftp.sra.ebi.ac.uk/vol1/fastq/ERR154/063/ERR15464463/ERR15464463_1.fastq.gz;ftp.sra.ebi.ac.uk/vol1/fastq/ERR154/063/ERR15464463/ERR15464463_2.fastq.gz	ftp.sra.ebi.ac.uk/vol1/run/ERR154/ERR15464463/G03_L003_R1.fastq.gz;ftp.sra.ebi.ac.uk/vol1/run/ERR154/ERR15464463/G03_L003_R2.fastq.gz		ftp.sra.ebi.ac.uk/vol1/err/ERR154/063/ERR15464463/ERR15464463.bam
ERR15464464	SAMEA119567938	ERX14868360	PRJEB89160	9031	Gallus gallus	ftp.sra.ebi.ac.uk/vol1/fastq/ERR154/064/ERR15464464/ERR15464464_1.fastq.gz;ftp.sra.ebi.ac.uk/vol1/fastq/ERR154/064/ERR15464464/ERR15464464_2.fastq.gz	ftp.sra.ebi.ac.uk/vol1/run/ERR154/ERR15464464/G03_L004_R1.fastq.gz;ftp.sra.ebi.ac.uk/vol1/run/ERR154/ERR15464464/G03_L004_R2.fastq.gz		ftp.sra.ebi.ac.uk/vol1/err/ERR154/064/ERR15464464/ERR15464464.bam
ERR15464465	SAMEA119567939	ERX14868361	PRJEB89160	9031	Gallus gallus		ftp.sra.ebi.ac.uk/vol1/run/ERR154/ERR15464465/G04_L003_R1.fastq.gz;ftp.sra.ebi.ac.uk/vol1/run/ERR154/ERR15464465/G04_L003_R2.fastq.gz		ftp.sra.ebi.ac.uk/vol1/err/ERR154/065/ERR15464465/ERR15464465.bam
ERR15464467	SAMEA119567939	ERX14868363	PRJEB89160	9031	Gallus gallus	ftp.sra.ebi.ac.uk/vol1/fastq/ERR154/067/ERR15464467/ERR15464467_1.fastq.gz;ftp.sra.ebi.ac.uk/vol1/fastq/ERR154/067/ERR15464467/ERR15464467_2.fastq.gz	ftp.sra.ebi.ac.uk/vol1/run/ERR154/ERR15464467/G04_L004_R1.fastq.gz;ftp.sra.ebi.ac.uk/vol1/run/ERR154/ERR15464467/G04_L004_R2.fastq.gz		ftp.sra.ebi.ac.uk/vol1/err/ERR154/067/ERR15464467/ERR15464467.bam
ERR15464474	SAMEA119567941	ERX14868370	PRJEB89160	9031	Gallus gallus	ftp.sra.ebi.ac.uk/vol1/fastq/ERR154/074/ERR15464474/ERR15464474_1.fastq.gz;ftp.sra.ebi.ac.uk/vol1/fastq/ERR154/074/ERR15464474/ERR15464474_2.fastq.gz	ftp.sra.ebi.ac.uk/vol1/run/ERR154/ERR15464474/G06_L004_R1.fastq.gz;ftp.sra.ebi.ac.uk/vol1/run/ERR154/ERR15464474/G06_L004_R2.fastq.gz		ftp.sra.ebi.ac.uk/vol1/err/ERR154/074/ERR15464474/ERR15464474.bam
ERR15464477	SAMEA119567943	ERX14868373	PRJEB89160	9031	Gallus gallus	ftp.sra.ebi.ac.uk/vol1/fastq/ERR154/077/ERR15464477/ERR15464477_1.fastq.gz;ftp.sra.ebi.ac.uk/vol1/fastq/ERR154/077/ERR15464477/ERR15464477_2.fastq.gz	ftp.sra.ebi.ac.uk/vol1/run/ERR154/ERR15464477/H03_L003_R1.fastq.gz;ftp.sra.ebi.ac.uk/vol1/run/ERR154/ERR15464477/H03_L003_R2.fastq.gz		ftp.sra.ebi.ac.uk/vol1/err/ERR154/077/ERR15464477/ERR15464477.bam
